id,name,model_id,group_id/id,operation,domain
access_ts_panel_client_manager,panel client manager,ts.panel.client,ts_core.group_ts_manager,r,
access_ts_campaign_manager,campaign manager,ts.campaign,ts_core.group_ts_manager,r,
access_ts_job_manager,job manager,ts.job,ts_core.group_ts_manager,r,
access_ts_notification_manager,notification manager,ts.notification,ts_core.group_ts_manager,r,
access_ts_notify_pref_manager,notify pref manager,ts.notify.pref,ts_core.group_ts_manager,r,
access_ts_wallet_manager,wallet manager,ts.wallet,ts_core.group_ts_manager,r,
access_ts_wallet_txn_manager,wallet txn manager,ts.wallet.txn,ts_core.group_ts_manager,r,
access_ts_consent_manager,consent manager,ts.consent.record,ts_core.group_ts_manager,r,
access_ts_data_request_manager,data request manager,ts.data.request,ts_core.group_ts_manager,r,
